k,distortion,elbow_point
3,94741.96476669304,0
4,76474.28848202404,0
5,61893.64435160116,0
6,55050.0290500523,0
7,48811.9547978044,1
8,45241.6387517091,0
9,41975.60940039833,0
10,39772.44045634126,0
11,37896.26568381778,0
12,36063.775088374154,0
13,34783.03960467204,0
14,33679.90037913043,0
15,32460.40495343932,0
