k,distortion,elbow_point
3,29227.458196742446,0
4,25373.680385494117,0
5,22933.188314315645,0
6,20823.210705460533,0
7,19077.25381020017,0
8,17627.34653354242,1
9,16647.016724305908,0
10,15901.833309849702,0
11,15167.804819254474,0
12,14575.20826505224,0
13,13963.876042908869,0
14,13434.538227762192,0
15,13066.63246946105,0
